{
  "version": 1,
  "author": "Anonymous maker",
  "editor": "wokwi",
  "parts": [
    {
      "type": "wokwi-esp32-devkit-v1",
      "id": "esp",
      "top": 0,
      "left": 0,
      "attrs": { "env": "micropython-20220618-v1.19.1" }
    },
    {
      "type": "wokwi-pushbutton",
      "id": "btn1",
      "top": 47.13,
      "left": -145.6,
      "attrs": { "color": "green", "bounce": "1" }
    },
    {
      "type": "wokwi-mpu6050",
      "id": "imu1",
      "top": 59.42,
      "left": 139.39,
      "rotate": 270,
      "attrs": {}
    }
  ],
  "connections": [
    [ "esp:TX0", "$serialMonitor:RX", "", [] ],
    [ "esp:RX0", "$serialMonitor:TX", "", [] ],
    [ "esp:VIN", "btn1:2.r", "red", [ "h0" ] ],
    [ "btn1:1.r", "esp:D35", "green", [ "v0" ] ],
    [ "esp:GND.1", "imu1:GND", "black", [ "h36.87", "v-83.27", "h-0.67" ] ],
    [ "imu1:INT", "esp:D4", "green", [ "h-33.84", "v-6.91" ] ],
    [ "imu1:VCC", "esp:3V3", "red", [ "h-27.84", "v100.21", "h0.67" ] ],
    [ "imu1:SCL", "esp:D22", "green", [ "h-26.5", "v-39.65" ] ],
    [ "imu1:SDA", "esp:D21", "green", [ "h-38.5", "v-25.25" ] ]
  ],
  "dependencies": {}
}